Reviewer Name,Review Date,Review Content
******960,2 weeks ago,"Dear seller, the thermos cup is a good design..sleek and slender..i like to keep super hot drinks in it..but i hate the plastic cap since its not healthy..but still, its so convenient to take off the plastic lid and cover with the steel cup instead..also suits my husband's sports bottle needs..Thank you..Good dayğŸ¥°ğŸ¥°ğŸ¥°"
Abdrazakjb,4 weeks ago,"I received 1 day late after the due date. Received with the box not in good quality of deliverance. Portable Perfect for travel and outdoor activities, to carry in any condition."
Shahanira N.,4 weeks ago,"ğŸ§µMaterial:biasa
 ğŸ¨Design:simple
 ğŸ”‹Capacity:not try again time hot water"
Yan X.,1 week ago,Perfect for travel and outdoor activities
****5,2-Jan-25,"ğŸ¨Design:nice
 ğŸ§µMaterial:ok
 ğŸ”‹Capacity:goodConvenient and portable, Easy to clean, Sleek and stylish design,"
Wilson C.,9-Feb-25,Value for money. Good for travelling usage. 
Marie V.,15-Dec-24,"Perfect for travel and outdoor activities, Durable and long-lasting, Leak-proof and spill-proof, High-quality stainless steel,  "
Marie V.,15-Dec-24,"Leak-proof and spill-proof, Durable and long-lasting, High-quality stainless steel, Keeps drinks cold for a long time,  "
Phan J.,12-Dec-24,"Perfect for travel and outdoor activities, Great gift idea,  "
N***.,2-Oct-24,"ğŸ§µMaterial:  so so

look like toys more, very thin, donâ€™t know how long it can last for hot water. Got some smell once open the cap "
Jojoting,21 hours ago,"Not bad, the driver and the seller took two days in total, it arrived today and was shipped yesterday. I haven't used the product yet, I will know after using it. ğŸ¤ğŸ¤œğŸ™1å¥—1Setã€‚ "
Nur S.,5 days ago,"ğŸ¨Design:premiumPerfect for travel and outdoor activities, 
 ğŸ§µMaterial:ok
Great gift idea
 *tp Kene upgrade cara pembungkusan dia....kotakk kemek(hancur) habiss..nasib brg tuu tak kemek ... "
D***.,2 weeks ago,"ğŸ¨Design:Keeps drinks cold for a long time, 
 ğŸ§µMaterial:Perfect for travel and outdoor activities, 
 ğŸ”‹Capacity:good  "
M***.,2 weeks ago,"ğŸ¨Design:simple and elegant 
 ğŸ§µMaterial:high quality 
 ğŸ”‹Capacity:just nice Convenient and portable, Keeps my drinks hot for hours,  "
S***.,1 week ago,"Keluli tahan karat berkualiti tinggi, Tahan lama dan berkekalan, Menjaga minuman saya panas selama berjam-jam, Mudah dan mudah alih,  "
A***R,1 week ago,"Convenient and portable, Keeps drinks cold for a long time, Easy to clean, Keeps my drinks hot for hours, High-quality stainless steel, Perfect for travel and outdoor activities, Durable and long-lasting,  "
Jasmine O.,1 week ago,"Sleek and stylish design, 
 ğŸ¨Design:  Adorable design!!!High-quality stainless steel, Perfect for travel and outdoor activities,  "
Iera Y.,3 weeks ago,Sudah diterima dalam keadaan baik. Cantik sangat. Cuma air panas dapat bertahan mungkin 5 jam sahaja. Apapun comel dan berbaloi. Terima kasih penjual.  
N***.,4 weeks ago,"Reka bentuk yang anggun dan bergaya. 
Mudah dan mudah alih dan Mudah dibersihkan. 
Terima kasih seller dan kurier..  "
D***.,4 weeks ago,"High-quality stainless steel, Easy to clean, Keeps drinks cold for a long time, Sleek and stylish design, thanks "
****2,4 weeks ago,"Leak-proof and spill-proof, Durable and long-lasting, Sleek and stylish design, Keeps my drinks hot for hours,  "
R***i,4 weeks ago,"Keeps drinks cold for a long time, Sleek and stylish design, Convenient and portable, Keeps my drinks hot for hours, Great gift idea, Perfect for travel and outdoor activities, Durable and long-lasting, Leak-proof and spill-proof,  "
1***0,3 weeks ago,Alhamdulillah barang yang di order sdh sampai bungkusan rapi tiada kerosakan TQ seller TQ Flash  
chor S.,2 weeks ago,"Well packaging, fast delivery, good deal & Perfect for travel and outdoor activities,  "
Sala S.,9-Feb-25,"Perfect for travel and outdoor activities, Keeps my drinks hot for hours. 
tiada sebarang kerosakkan dan pecah wrapping juga tebal terbaik.  "
